<?xml version="1.0" encoding="UTF-8"?>
<!DOCTYPE hibernate-configuration PUBLIC
	"-//Hibernate/Hibernate Configuration DTD 5.3//EN"
	"http://www.hibernate.org/dtd/hibernate-configuration-3.0.dtd">
<hibernate-configuration>
	<session-factory>
		<property name="hbm2ddl.auto">update</property>
		<property name="dialect">org.hibernate.dialect.Oracle10gDialect</property>
		<property name="connection.url">jdbc:oracle:thin:@localhost:1521:OSE</property>
		<property name="connection.username">scott</property>
		<property name="connection.password">tiger</property>
    	<property name="connection.driver_class">oracle.jdbc.OracleDriver</property>
    	<property name="current_session_context_class">thread</property>
    	<property name="show_sql"> true </property>
    	
    	<mapping class="com.dept.Department"/>
    </session-factory>
</hibernate-configuration>
