<?xml version="1.0" encoding="UTF-8"?>
<beans xmlns="http://www.springframework.org/schema/beans"
    xmlns:xsi="http://www.w3.org/2001/XMLSchema-instance" xmlns:context="http://www.springframework.org/schema/context"
    xmlns:aop="http://www.springframework.org/schema/aop"
    xsi:schemaLocation="http://www.springframework.org/schema/beans
    http://www.springframework.org/schema/beans/spring-beans-3.0.xsd
    http://www.springframework.org/schema/context
    http://www.springframework.org/schema/context/spring-context-3.0.xsd
    http://www.springframework.org/schema/aop 
    http://www.springframework.org/schema/aop/spring-aop-3.0.xsd">
   
 <bean id="p" class="com.lti.Piston">
 	<constructor-arg value="Twin Spark"/>
 </bean>
 
 <bean id="e" class="com.lti.Engine">
 	<constructor-arg ref="p"/>
 </bean>
 
<!--  <bean id="c" class="com.lti.Car" scope="singleton">
 	<constructor-arg ref="e"/>  invoke a constructor for this bean
 </bean>
 --> 
  
  <bean id="aw" class="com.lti.AlloyedWheel">
	<property name="radius" value="8.5"></property>
  </bean>
  
  <bean id="mw" class="com.lti.MacWheel">
  	<property name="radius" value="9.5"></property>
  </bean>
  
  <bean id="w" class="com.lti.Wheel"   scope="singleton" init-method="init" destroy-method="destroy" >
 	<property name="radius" value="7.5"></property> <!-- invoke setter method of this bean -->
  </bean>
 
 <bean id="c" class="com.lti.Car" autowire="byName" scope="singleton">
                 
 </bean>
 
 
  </beans>