<?xml version="1.0" encoding="UTF-8"?>
<beans xmlns="http://www.springframework.org/schema/beans"
    xmlns:xsi="http://www.w3.org/2001/XMLSchema-instance" xmlns:context="http://www.springframework.org/schema/context"
    xmlns:aop="http://www.springframework.org/schema/aop"
    xsi:schemaLocation="http://www.springframework.org/schema/beans
    http://www.springframework.org/schema/beans/spring-beans-3.0.xsd
    http://www.springframework.org/schema/context
    http://www.springframework.org/schema/context/spring-context-3.0.xsd
    http://www.springframework.org/schema/aop 
    http://www.springframework.org/schema/aop/spring-aop-3.0.xsd
    http://www.springframework.org/schema/tx
    http://www.springframework.org/tx/spring-tx.xsd"
    xmlns:tx="http://www.springframework.org/schema/tx">
   
   <bean id="ds"
		class="org.springframework.jdbc.datasource.DriverManagerDataSource">
		<property name="driverClassName" value="oracle.jdbc.OracleDriver" />
		<property name="url" value="jdbc:oracle:thin:@localhost:1521:OSE" />
		<property name="username" value="scott" />
		<property name="password" value="tiger" />
	</bean>
	
	<bean id="em"
		class="org.springframework.orm.jpa.LocalContainerEntityManagerFactoryBean">
		<property name="dataSource" ref="ds" />
	</bean>
	
	<bean id="txBean" 
			class="org.springframework.orm.jpa.JpaTransactionManager">
			<property name="entityManagerFactory" ref="em"/>
	</bean>
   
 	<context:component-scan base-package="com"/>  
 	<tx:annotation-driven transaction-manager="txBean"/>
 	
  </beans>